"tra_num_decil","rub_id_rubro","tra_mto_tramo_min","tra_mto_tramo_max"
0,2,3.000,65.000
1,2,65.000,84.000
2,2,84.000,96.000
3,2,96.000,108.000
4,2,108.000,122.000
5,2,122.000,134.000
6,2,134.000,159.000
7,2,159.000,193.000
8,2,193.000,327.000
9,2,327.000,3.120.000
0,3,193.000,193.000
1,3,193.000,254.000
2,3,254.000,259.000
3,3,259.000,285.000
5,3,285.000,306.000
6,3,306.000,402.000
7,3,402.000,548.000
8,3,548.000,657.000
0,4,3.000,16.000
1,4,16.000,24.000
2,4,24.000,30.000
3,4,30.000,33.000
4,4,33.000,47.000
5,4,47.000,59.000
6,4,59.000,68.000
7,4,68.000,133.000
8,4,133.000,193.000
9,4,193.000,1.164.000
0,5,30.000,95.000
1,5,95.000,161.000
2,5,161.000,233.000
3,5,233.000,281.000
4,5,281.000,317.000
5,5,317.000,422.000
6,5,422.000,490.000
7,5,490.000,572.000
8,5,572.000,732.000
9,5,732.000,1.877.000
0,6,1.000,87.000
1,6,87.000,121.000
2,6,121.000,174.000
3,6,174.000,263.000
4,6,263.000,340.000
5,6,340.000,428.000
6,6,428.000,552.000
7,6,552.000,756.000
8,6,756.000,1.321.000
9,6,1.321.000,5.967.000
0,7,43.000,59.000
1,7,59.000,69.000
2,7,69.000,86.000
3,7,86.000,105.000
4,7,105.000,120.000
5,7,120.000,176.000
6,7,176.000,221.000
7,7,221.000,284.000
8,7,284.000,365.000
9,7,365.000,1.309.000
0,8,22.000,79.000
1,8,79.000,99.000
2,8,99.000,133.000
3,8,133.000,143.000
4,8,143.000,152.000
5,8,152.000,179.000
6,8,179.000,206.000
7,8,206.000,234.000
8,8,234.000,264.000
9,8,264.000,3.275.000
0,9,21.000,22.000
1,9,22.000,158.000
2,9,158.000,350.000
3,9,350.000,634.000
4,9,634.000,935.000
5,9,935.000,981.000
6,9,981.000,1.606.000
7,9,1.606.000,1.800.000
8,9,1.800.000,2.593.000
9,9,2.593.000,3.279.000
0,10,215.000,215.000
2,10,215.000,217.000
4,10,217.000,272.000
6,10,272.000,319.000
8,10,319.000,885.000
0,11,25.000,102.000
1,11,102.000,121.000
2,11,121.000,138.000
3,11,138.000,168.000
4,11,168.000,178.000
5,11,178.000,216.000
6,11,216.000,281.000
7,11,281.000,320.000
8,11,320.000,320.000
9,11,320.000,1.174.000
0,12,1.000,25.000
1,12,25.000,78.000
2,12,78.000,130.000
3,12,130.000,161.000
4,12,161.000,208.000
5,12,208.000,266.000
6,12,266.000,345.000
7,12,345.000,456.000
8,12,456.000,710.000
9,12,710.000,6.120.000
0,15,0,26.000
1,15,26.000,42.000
2,15,42.000,68.000
3,15,68.000,95.000
4,15,95.000,120.000
5,15,120.000,171.000
6,15,171.000,242.000
7,15,242.000,446.000
8,15,446.000,672.000
9,15,672.000,3.000.000
0,16,5.000,13.000
1,16,13.000,50.000
2,16,50.000,75.000
3,16,75.000,87.000
4,16,87.000,120.000
5,16,120.000,129.000
6,16,129.000,179.000
7,16,179.000,237.000
8,16,237.000,350.000
9,16,350.000,575.000
0,17,0,2.000
1,17,2.000,11.000
2,17,11.000,27.000
3,17,27.000,29.000
4,17,29.000,34.000
5,17,34.000,68.000
6,17,68.000,220.000
7,17,220.000,386.000
8,17,386.000,635.000
9,17,635.000,2.903.000
0,18,2.000,4.000
1,18,4.000,15.000
2,18,15.000,25.000
3,18,25.000,41.000
4,18,41.000,62.000
5,18,62.000,69.000
6,18,69.000,83.000
7,18,83.000,96.000
8,18,96.000,208.000
9,18,208.000,1.181.000
0,20,3.000,11.000
1,20,11.000,14.000
2,20,14.000,23.000
3,20,23.000,33.000
4,20,33.000,39.000
5,20,39.000,50.000
6,20,50.000,60.000
7,20,60.000,68.000
8,20,68.000,127.000
9,20,127.000,294.000
0,21,0,53.000
1,21,53.000,132.000
2,21,132.000,263.000
3,21,263.000,436.000
4,21,436.000,699.000
5,21,699.000,1.516.000
6,21,1.516.000,2.279.000
7,21,2.279.000,3.652.000
8,21,3.652.000,6.449.000
9,21,6.449.000,26.637.000
0,22,0,10.000
1,22,10.000,18.000
2,22,18.000,31.000
3,22,31.000,45.000
4,22,45.000,65.000
5,22,65.000,87.000
6,22,87.000,120.000
7,22,120.000,203.000
8,22,203.000,456.000
9,22,456.000,3.964.000
0,23,25.000,25.000
1,23,25.000,30.000
2,23,30.000,79.000
3,23,79.000,91.000
4,23,91.000,136.000
5,23,136.000,234.000
6,23,234.000,249.000
7,23,249.000,309.000
8,23,309.000,812.000
9,23,812.000,1.113.000
0,24,7.000,10.000
1,24,10.000,15.000
2,24,15.000,47.000
3,24,47.000,53.000
4,24,53.000,69.000
5,24,69.000,97.000
6,24,97.000,131.000
7,24,131.000,187.000
8,24,187.000,241.000
9,24,241.000,378.000
0,25,5.000,5.000
1,25,5.000,7.000
2,25,7.000,8.000
3,25,8.000,24.000
4,25,24.000,33.000
5,25,33.000,34.000
6,25,34.000,36.000
7,25,36.000,42.000
8,25,42.000,43.000
9,25,43.000,66.000
0,26,10.000,11.000
1,26,11.000,12.000
2,26,12.000,45.000
3,26,45.000,60.000
4,26,60.000,77.000
5,26,77.000,119.000
6,26,119.000,250.000
7,26,250.000,435.000
8,26,435.000,496.000
9,26,496.000,618.000
0,27,10.000,12.000
1,27,12.000,15.000
2,27,15.000,17.000
3,27,17.000,19.000
4,27,19.000,23.000
5,27,23.000,26.000
6,27,26.000,30.000
7,27,30.000,41.000
8,27,41.000,53.000
9,27,53.000,476.000
0,28,0,20.000
1,28,20.000,39.000
2,28,39.000,58.000
3,28,58.000,80.000
4,28,80.000,98.000
5,28,98.000,129.000
6,28,129.000,170.000
7,28,170.000,228.000
8,28,228.000,369.000
9,28,369.000,9.793.000
0,29,0,11.000
1,29,11.000,23.000
2,29,23.000,33.000
3,29,33.000,42.000
4,29,42.000,53.000
5,29,53.000,71.000
6,29,71.000,92.000
7,29,92.000,159.000
8,29,159.000,245.000
9,29,245.000,915.000
0,30,4.000,4.000
1,30,4.000,41.000
2,30,41.000,50.000
3,30,50.000,80.000
4,30,80.000,91.000
5,30,91.000,108.000
6,30,108.000,160.000
7,30,160.000,161.000
8,30,161.000,329.000
0,31,4.000,11.000
1,31,11.000,17.000
2,31,17.000,21.000
3,31,21.000,25.000
4,31,25.000,30.000
5,31,30.000,37.000
6,31,37.000,48.000
7,31,48.000,68.000
8,31,68.000,80.000
9,31,80.000,115.000
0,32,1.000,10.000
1,32,10.000,13.000
2,32,13.000,15.000
3,32,15.000,18.000
4,32,18.000,20.000
5,32,20.000,22.000
6,32,22.000,25.000
7,32,25.000,29.000
8,32,29.000,37.000
9,32,37.000,555.000
0,34,10.000,44.000
1,34,44.000,55.000
2,34,55.000,65.000
3,34,65.000,71.000
4,34,71.000,79.000
5,34,79.000,92.000
6,34,92.000,101.000
7,34,101.000,114.000
8,34,114.000,167.000
9,34,167.000,1.191.000
0,35,0,2.000
1,35,2.000,2.000
2,35,2.000,2.000
3,35,2.000,6.000
4,35,6.000,8.000
5,35,8.000,13.000
6,35,13.000,19.000
7,35,19.000,35.000
8,35,35.000,76.000
9,35,76.000,144.000
0,36,1.000,4.000
1,36,4.000,6.000
2,36,6.000,8.000
3,36,8.000,11.000
4,36,11.000,12.000
5,36,12.000,14.000
6,36,14.000,17.000
7,36,17.000,20.000
8,36,20.000,32.000
9,36,32.000,596.000
0,38,9.000,11.000
1,38,11.000,15.000
2,38,15.000,17.000
3,38,17.000,18.000
4,38,18.000,83.000
5,38,83.000,124.000
6,38,124.000,125.000
7,38,125.000,206.000
8,38,206.000,250.000
9,38,250.000,700.000
0,40,0,38.000
1,40,38.000,154.000
2,40,154.000,246.000
3,40,246.000,322.000
4,40,322.000,390.000
5,40,390.000,447.000
6,40,447.000,505.000
7,40,505.000,691.000
8,40,691.000,915.000
9,40,915.000,1.920.000
0,42,15.000,18.000
1,42,18.000,21.000
2,42,21.000,28.000
3,42,28.000,38.000
4,42,38.000,48.000
5,42,48.000,75.000
6,42,75.000,131.000
7,42,131.000,300.000
8,42,300.000,683.000
9,42,683.000,1.576.000
0,43,0,5.000
1,43,5.000,7.000
2,43,7.000,8.000
3,43,8.000,9.000
4,43,9.000,10.000
5,43,10.000,15.000
6,43,15.000,37.000
7,43,37.000,133.000
8,43,133.000,190.000
9,43,190.000,628.000
0,46,26.000,34.000
1,46,34.000,38.000
2,46,38.000,84.000
3,46,84.000,86.000
4,46,86.000,156.000
5,46,156.000,224.000
6,46,224.000,241.000
7,46,241.000,343.000
8,46,343.000,344.000
9,46,344.000,1.206.000
0,48,18.000,18.000
1,48,18.000,24.000
2,48,24.000,25.000
4,48,25.000,26.000
5,48,26.000,37.000
7,48,37.000,48.000
8,48,48.000,80.000
0,50,5.000,8.000
1,50,8.000,10.000
2,50,10.000,11.000
3,50,11.000,11.000
4,50,11.000,12.000
5,50,12.000,12.000
6,50,12.000,14.000
7,50,14.000,15.000
8,50,15.000,19.000
9,50,19.000,590.000
0,52,8.000,9.000
1,52,9.000,10.000
2,52,10.000,12.000
3,52,12.000,16.000
4,52,16.000,17.000
5,52,17.000,29.000
6,52,29.000,29.000
7,52,29.000,1.080.000
8,52,1.080.000,1.324.000
9,52,1.324.000,1.370.000
0,54,4.000,20.000
1,54,20.000,22.000
2,54,22.000,35.000
3,54,35.000,66.000
4,54,66.000,85.000
5,54,85.000,139.000
6,54,139.000,463.000
7,54,463.000,744.000
8,54,744.000,2.056.000
9,54,2.056.000,2.969.000
0,55,2.000,6.000
1,55,6.000,7.000
2,55,7.000,8.000
3,55,8.000,9.000
4,55,9.000,10.000
5,55,10.000,11.000
6,55,11.000,14.000
7,55,14.000,23.000
8,55,23.000,51.000
9,55,51.000,2.304.000
0,56,8.000,10.000
1,56,10.000,11.000
2,56,11.000,12.000
3,56,12.000,14.000
4,56,14.000,17.000
5,56,17.000,18.000
6,56,18.000,22.000
7,56,22.000,29.000
8,56,29.000,60.000
9,56,60.000,85.000
0,57,4.000,7.000
1,57,7.000,12.000
2,57,12.000,14.000
3,57,14.000,17.000
4,57,17.000,21.000
5,57,21.000,29.000
6,57,29.000,37.000
7,57,37.000,41.000
8,57,41.000,65.000
9,57,65.000,141.000
0,58,8.000,11.000
1,58,11.000,14.000
2,58,14.000,16.000
3,58,16.000,17.000
4,58,17.000,18.000
5,58,18.000,20.000
6,58,20.000,21.000
7,58,21.000,24.000
8,58,24.000,33.000
9,58,33.000,600.000
0,59,2.000,11.000
1,59,11.000,22.000
2,59,22.000,28.000
3,59,28.000,44.000
4,59,44.000,54.000
5,59,54.000,85.000
6,59,85.000,94.000
7,59,94.000,131.000
8,59,131.000,256.000
9,59,256.000,399.000
0,60,8.000,9.000
1,60,9.000,10.000
2,60,10.000,15.000
3,60,15.000,23.000
4,60,23.000,26.000
5,60,26.000,34.000
6,60,34.000,42.000
7,60,42.000,50.000
8,60,50.000,82.000
9,60,82.000,295.000
0,62,0,9.000
1,62,9.000,13.000
2,62,13.000,18.000
3,62,18.000,23.000
4,62,23.000,33.000
5,62,33.000,45.000
6,62,45.000,57.000
7,62,57.000,70.000
8,62,70.000,113.000
9,62,113.000,2.848.000
0,63,2.000,10.000
1,63,10.000,12.000
2,63,12.000,14.000
3,63,14.000,19.000
4,63,19.000,39.000
5,63,39.000,55.000
6,63,55.000,73.000
7,63,73.000,96.000
8,63,96.000,131.000
9,63,131.000,7.884.000
0,64,2.000,11.000
1,64,11.000,14.000
2,64,14.000,17.000
3,64,17.000,20.000
4,64,20.000,23.000
5,64,23.000,26.000
6,64,26.000,30.000
7,64,30.000,38.000
8,64,38.000,64.000
9,64,64.000,490.000
0,65,14.000,31.000
1,65,31.000,38.000
2,65,38.000,41.000
3,65,41.000,45.000
4,65,45.000,49.000
5,65,49.000,55.000
6,65,55.000,66.000
7,65,66.000,90.000
8,65,90.000,181.000
9,65,181.000,1.196.000
0,66,2.000,13.000
1,66,13.000,17.000
2,66,17.000,21.000
3,66,21.000,29.000
4,66,29.000,37.000
5,66,37.000,49.000
6,66,49.000,72.000
7,66,72.000,102.000
8,66,102.000,160.000
9,66,160.000,1.639.000
0,67,3.000,42.000
1,67,42.000,55.000
2,67,55.000,64.000
3,67,64.000,72.000
4,67,72.000,84.000
5,67,84.000,97.000
6,67,97.000,118.000
7,67,118.000,149.000
8,67,149.000,250.000
9,67,250.000,1.517.000
0,68,5.000,10.000
1,68,10.000,11.000
2,68,11.000,12.000
3,68,12.000,14.000
4,68,14.000,16.000
5,68,16.000,27.000
6,68,27.000,51.000
7,68,51.000,72.000
8,68,72.000,102.000
9,68,102.000,1.427.000
0,69,7.000,12.000
1,69,12.000,17.000
2,69,17.000,22.000
3,69,22.000,25.000
4,69,25.000,30.000
5,69,30.000,34.000
6,69,34.000,43.000
7,69,43.000,50.000
8,69,50.000,72.000
9,69,72.000,266.000
0,70,2.000,6.000
1,70,6.000,7.000
2,70,7.000,9.000
3,70,9.000,11.000
4,70,11.000,14.000
5,70,14.000,18.000
6,70,18.000,26.000
7,70,26.000,38.000
8,70,38.000,59.000
9,70,59.000,158.000
0,71,16.000,18.000
1,71,18.000,26.000
2,71,26.000,27.000
3,71,27.000,33.000
4,71,33.000,37.000
5,71,37.000,38.000
6,71,38.000,61.000
7,71,61.000,67.000
8,71,67.000,788.000
9,71,788.000,1.080.000
0,73,13.000,13.000
2,73,13.000,14.000
5,73,14.000,126.000
7,73,126.000,255.000
0,74,4.000,10.000
1,74,10.000,15.000
2,74,15.000,21.000
3,74,21.000,26.000
4,74,26.000,42.000
5,74,42.000,52.000
6,74,52.000,62.000
7,74,62.000,100.000
8,74,100.000,193.000
9,74,193.000,891.000
0,75,0,11.000
1,75,11.000,23.000
2,75,23.000,32.000
3,75,32.000,40.000
4,75,40.000,52.000
5,75,52.000,62.000
6,75,62.000,76.000
7,75,76.000,91.000
8,75,91.000,122.000
9,75,122.000,418.000
0,76,9.000,16.000
1,76,16.000,21.000
2,76,21.000,23.000
3,76,23.000,28.000
4,76,28.000,30.000
5,76,30.000,35.000
6,76,35.000,39.000
7,76,39.000,43.000
8,76,43.000,47.000
9,76,47.000,129.000
0,77,4.000,18.000
1,77,18.000,22.000
2,77,22.000,28.000
3,77,28.000,38.000
4,77,38.000,45.000
5,77,45.000,47.000
6,77,47.000,50.000
7,77,50.000,57.000
8,77,57.000,135.000
9,77,135.000,3.686.000
0,78,0,7.000
1,78,7.000,19.000
2,78,19.000,25.000
3,78,25.000,29.000
4,78,29.000,38.000
5,78,38.000,47.000
6,78,47.000,85.000
7,78,85.000,142.000
8,78,142.000,209.000
9,78,209.000,2.291.000
0,80,3.000,55.000
1,80,55.000,68.000
2,80,68.000,78.000
3,80,78.000,86.000
4,80,86.000,93.000
5,80,93.000,104.000
6,80,104.000,115.000
7,80,115.000,132.000
8,80,132.000,167.000
9,80,167.000,4.577.000
0,81,0,6.000
1,81,6.000,8.000
2,81,8.000,11.000
3,81,11.000,15.000
4,81,15.000,18.000
5,81,18.000,24.000
6,81,24.000,31.000
7,81,31.000,45.000
8,81,45.000,88.000
9,81,88.000,1.959.000
0,82,1.000,6.000
1,82,6.000,8.000
2,82,8.000,11.000
3,82,11.000,14.000
4,82,14.000,16.000
5,82,16.000,21.000
6,82,21.000,32.000
7,82,32.000,48.000
8,82,48.000,86.000
9,82,86.000,502.000
0,83,7.000,7.000
1,83,7.000,11.000
3,83,11.000,20.000
5,83,20.000,20.000
6,83,20.000,21.000
8,83,21.000,293.000
0,84,15.000,15.000
1,84,15.000,17.000
2,84,17.000,29.000
3,84,29.000,37.000
4,84,37.000,85.000
5,84,85.000,101.000
6,84,101.000,117.000
7,84,117.000,156.000
8,84,156.000,199.000
0,86,9.000,9.000
0,87,0,21.000
1,87,21.000,31.000
2,87,31.000,35.000
3,87,35.000,44.000
4,87,44.000,58.000
5,87,58.000,76.000
6,87,76.000,107.000
7,87,107.000,183.000
8,87,183.000,351.000
9,87,351.000,1.338.000
0,88,6.000,6.000
0,90,11.000,11.000
5,90,11.000,36.000
0,91,16.000,24.000
1,91,24.000,27.000
2,91,27.000,36.000
3,91,36.000,37.000
4,91,37.000,40.000
5,91,40.000,53.000
6,91,53.000,59.000
7,91,59.000,86.000
8,91,86.000,108.000
9,91,108.000,532.000
0,92,28.000,30.000
1,92,30.000,32.000
2,92,32.000,37.000
3,92,37.000,60.000
4,92,60.000,64.000
5,92,64.000,120.000
6,92,120.000,202.000
7,92,202.000,212.000
8,92,212.000,306.000
9,92,306.000,321.000
0,93,30.000,30.000
1,93,30.000,33.000
2,93,33.000,43.000
3,93,43.000,62.000
5,93,62.000,119.000
6,93,119.000,129.000
7,93,129.000,527.000
8,93,527.000,1.562.000
0,94,2.000,29.000
1,94,29.000,36.000
2,94,36.000,39.000
3,94,39.000,43.000
4,94,43.000,47.000
5,94,47.000,50.000
6,94,50.000,59.000
7,94,59.000,68.000
8,94,68.000,90.000
9,94,90.000,339.000
0,99,0,7.000
1,99,7.000,11.000
2,99,11.000,13.000
3,99,13.000,16.000
4,99,16.000,27.000
5,99,27.000,38.000
6,99,38.000,86.000
7,99,86.000,134.000
8,99,134.000,281.000
9,99,281.000,3.927.000
0,100,60.000,60.000
1,100,60.000,90.000
3,100,90.000,138.000
5,100,138.000,214.000
6,100,214.000,225.000
8,100,225.000,1.335.000
0,101,2.000,18.000
1,101,18.000,24.000
2,101,24.000,29.000
3,101,29.000,34.000
4,101,34.000,44.000
5,101,44.000,54.000
6,101,54.000,88.000
7,101,88.000,157.000
8,101,157.000,249.000
9,101,249.000,4.863.000
0,102,0,3.000
1,102,3.000,4.000
2,102,4.000,5.000
3,102,5.000,7.000
4,102,7.000,9.000
5,102,9.000,11.000
6,102,11.000,14.000
7,102,14.000,19.000
8,102,19.000,29.000
9,102,29.000,2.558.000
0,104,0,1.000
1,104,1.000,2.000
2,104,2.000,5.000
3,104,5.000,8.000
4,104,8.000,12.000
5,104,12.000,15.000
6,104,15.000,20.000
7,104,20.000,30.000
8,104,30.000,40.000
9,104,40.000,100.000
0,106,1.000,7.000
1,106,7.000,9.000
2,106,9.000,10.000
3,106,10.000,11.000
4,106,11.000,12.000
5,106,12.000,14.000
6,106,14.000,15.000
7,106,15.000,18.000
8,106,18.000,24.000
9,106,24.000,380.000
0,108,0,3.000
1,108,3.000,5.000
2,108,5.000,6.000
3,108,6.000,7.000
4,108,7.000,8.000
5,108,8.000,10.000
6,108,10.000,11.000
7,108,11.000,13.000
8,108,13.000,15.000
9,108,15.000,2.828.000
0,109,1.000,4.000
1,109,4.000,4.000
2,109,4.000,5.000
3,109,5.000,5.000
4,109,5.000,6.000
5,109,6.000,7.000
6,109,7.000,8.000
7,109,8.000,12.000
8,109,12.000,15.000
9,109,15.000,184.000
0,110,1.000,2.000
1,110,2.000,3.000
2,110,3.000,5.000
3,110,5.000,6.000
4,110,6.000,9.000
5,110,9.000,11.000
6,110,11.000,13.000
7,110,13.000,15.000
8,110,15.000,19.000
9,110,19.000,203.000
0,112,1.000,2.000
1,112,2.000,2.000
2,112,2.000,3.000
3,112,3.000,3.000
4,112,3.000,4.000
5,112,4.000,4.000
6,112,4.000,5.000
7,112,5.000,7.000
8,112,7.000,12.000
9,112,12.000,138.000
0,113,138.000,3.000
1,113,3.000,4.000
2,113,4.000,5.000
3,113,5.000,6.000
4,113,6.000,7.000
5,113,7.000,8.000
6,113,8.000,10.000
7,113,10.000,12.000
8,113,12.000,17.000
9,113,17.000,65.000
0,114,3.000,9.000
1,114,9.000,11.000
2,114,11.000,12.000
3,114,12.000,14.000
4,114,14.000,16.000
5,114,16.000,20.000
6,114,20.000,23.000
7,114,23.000,27.000
8,114,27.000,34.000
9,114,34.000,238.000
0,116,1.000,2.000
1,116,2.000,3.000
2,116,3.000,4.000
3,116,4.000,5.000
4,116,5.000,6.000
5,116,6.000,7.000
6,116,7.000,9.000
7,116,9.000,12.000
8,116,12.000,18.000
9,116,18.000,57.000
0,117,4.000,9.000
1,117,9.000,11.000
2,117,11.000,13.000
3,117,13.000,15.000
4,117,15.000,20.000
5,117,20.000,23.000
6,117,23.000,28.000
7,117,28.000,34.000
8,117,34.000,42.000
9,117,42.000,114.000
0,118,114.000,5.000
1,118,5.000,6.000
2,118,6.000,9.000
3,118,9.000,11.000
4,118,11.000,14.000
5,118,14.000,16.000
6,118,16.000,18.000
7,118,18.000,21.000
8,118,21.000,26.000
9,118,26.000,547.000
0,119,0,2.000
1,119,2.000,3.000
2,119,3.000,3.000
3,119,3.000,4.000
4,119,4.000,4.000
5,119,4.000,5.000
6,119,5.000,6.000
7,119,6.000,8.000
8,119,8.000,10.000
9,119,10.000,490.000
0,120,0,5.000
1,120,5.000,9.000
2,120,9.000,11.000
3,120,11.000,17.000
4,120,17.000,22.000
5,120,22.000,28.000
6,120,28.000,36.000
7,120,36.000,47.000
8,120,47.000,70.000
9,120,70.000,619.000
0,152,4.000,4.000
0,158,0,1.000
1,158,1.000,2.000
2,158,2.000,5.000
3,158,5.000,8.000
4,158,8.000,12.000
5,158,12.000,15.000
6,158,15.000,20.000
7,158,20.000,30.000
8,158,30.000,40.000
9,158,40.000,100.000
0,161,0,1.000
1,161,1.000,2.000
2,161,2.000,2.000
3,161,2.000,3.000
4,161,3.000,3.000
5,161,3.000,4.000
6,161,4.000,5.000
7,161,5.000,6.000
8,161,6.000,7.000
9,161,7.000,8.000
0,165,2.000,2.000
1,165,2.000,2.000
2,165,2.000,3.000
3,199,9.000,11.000
4,199,11.000,13.000
5,199,13.000,17.000
6,199,17.000,21.000
7,199,21.000,27.000
8,199,27.000,38.000
9,199,38.000,98.000
0,202,6.000,17.000
1,202,17.000,24.000
2,202,24.000,25.000
3,202,25.000,28.000
4,202,28.000,33.000
5,202,33.000,39.000
6,202,39.000,50.000
7,202,50.000,60.000
8,202,60.000,120.000
9,202,120.000,260.000
0,206,0,13.000
1,206,13.000,19.000
2,206,19.000,32.000
3,206,32.000,44.000
4,206,44.000,58.000
5,206,58.000,80.000
6,206,80.000,119.000
7,206,119.000,188.000
8,206,188.000,413.000
9,206,413.000,6.560.000
0,208,4.000,11.000
1,208,11.000,13.000
2,208,13.000,15.000
3,208,15.000,16.000
4,208,16.000,18.000
5,208,18.000,22.000
6,208,22.000,26.000
7,208,26.000,38.000
8,208,38.000,79.000
9,208,79.000,450.000
0,210,26.000,26.000
5,210,26.000,41.000
0,211,5.000,8.000
1,211,8.000,13.000
2,211,13.000,30.000
3,211,30.000,60.000
4,211,60.000,79.000
5,211,79.000,83.000
6,211,83.000,143.000
7,211,143.000,216.000
8,211,216.000,262.000
9,211,262.000,414.000
0,212,0,10.000
1,212,10.000,15.000
2,212,15.000,19.000
3,212,19.000,27.000
4,212,27.000,38.000
5,212,38.000,49.000
6,212,49.000,67.000
7,212,67.000,106.000
8,212,106.000,196.000
9,212,196.000,5.673.000
0,213,33.000,33.000
5,213,33.000,96.000
0,214,0,10.000
1,214,10.000,14.000
2,214,14.000,19.000
3,214,19.000,25.000
4,214,25.000,33.000
5,214,33.000,45.000
6,214,45.000,64.000
7,214,64.000,90.000
8,214,90.000,222.000
9,214,222.000,2.550.000
0,216,0,30.000
1,216,30.000,39.000
2,216,39.000,48.000
3,216,48.000,56.000
4,216,56.000,64.000
5,216,64.000,75.000
6,216,75.000,89.000
7,216,89.000,110.000
8,216,110.000,152.000
9,216,152.000,2.355.000
0,218,50.000,50.000
1,218,50.000,129.000
2,218,129.000,236.000
4,218,236.000,559.000
5,218,559.000,814.000
7,218,814.000,1.215.000
8,218,1.215.000,1.344.000
0,220,2.000,14.000
1,220,14.000,17.000
2,220,17.000,18.000
3,220,18.000,21.000
4,220,21.000,23.000
5,220,23.000,25.000
6,220,25.000,28.000
7,220,28.000,31.000
8,220,31.000,39.000
9,220,39.000,618.000
0,222,0,33.000
1,222,33.000,43.000
2,222,43.000,52.000
3,222,52.000,60.000
4,222,60.000,71.000
5,222,71.000,84.000
6,222,84.000,100.000
7,222,100.000,130.000
8,222,130.000,184.000
9,222,184.000,3.360.000
0,224,1.000,6.000
1,224,6.000,7.000
2,224,7.000,8.000
3,224,8.000,10.000
4,224,10.000,11.000
5,224,11.000,12.000
6,224,12.000,14.000
7,224,14.000,15.000
8,224,15.000,17.000
9,224,17.000,980.000
0,226,2.000,8.000
1,226,8.000,9.000
2,226,9.000,11.000
3,226,11.000,13.000
4,226,13.000,13.000
5,226,13.000,16.000
6,226,16.000,18.000
7,226,18.000,24.000
8,226,24.000,39.000
9,226,39.000,175.000
0,228,2.000,10.000
1,228,10.000,15.000
2,228,15.000,20.000
3,228,20.000,24.000
4,228,24.000,28.000
5,228,28.000,34.000
6,228,34.000,45.000
7,228,45.000,63.000
8,228,63.000,125.000
9,228,125.000,1.900.000
0,230,1.000,20.000
1,230,20.000,28.000
2,230,28.000,34.000
3,230,34.000,40.000
4,230,40.000,47.000
5,230,47.000,52.000
6,230,52.000,61.000
7,230,61.000,74.000
8,230,74.000,99.000
9,230,99.000,554.000
0,232,0,24.000
1,232,24.000,33.000
2,232,33.000,38.000
3,232,38.000,45.000
4,232,45.000,55.000
5,232,55.000,63.000
6,232,63.000,80.000
7,232,80.000,109.000
8,232,109.000,150.000
9,232,150.000,500.000
0,234,5.000,12.000
1,234,12.000,14.000
2,234,14.000,15.000
3,234,15.000,16.000
4,234,16.000,18.000
5,234,18.000,19.000
6,234,19.000,22.000
7,234,22.000,28.000
8,234,28.000,55.000
9,234,55.000,2.746.000
0,236,3.000,13.000
1,236,13.000,17.000
2,236,17.000,20.000
3,236,20.000,24.000
4,236,24.000,30.000
5,236,30.000,35.000
6,236,35.000,48.000
7,236,48.000,56.000
8,236,56.000,99.000
9,236,99.000,247.000
0,238,0,16.000
1,238,16.000,27.000
2,238,27.000,36.000
3,238,36.000,45.000
4,238,45.000,55.000
5,238,55.000,71.000
6,238,71.000,109.000
7,238,109.000,156.000
8,238,156.000,235.000
9,238,235.000,2.625.000
0,240,0,24.000
1,240,24.000,34.000
2,240,34.000,40.000
3,240,40.000,46.000
4,240,46.000,51.000
5,240,51.000,57.000
6,240,57.000,64.000
7,240,64.000,75.000
8,240,75.000,94.000
9,240,94.000,2.064.000
0,242,10.000,12.000
1,242,12.000,17.000
2,242,17.000,23.000
3,242,23.000,24.000
4,242,24.000,38.000
5,242,38.000,50.000
6,242,50.000,81.000
7,242,81.000,91.000
8,242,91.000,145.000
9,242,145.000,625.000
0,244,8.000,10.000
1,244,10.000,11.000
2,244,11.000,12.000
3,244,12.000,13.000
4,244,13.000,13.000
5,244,13.000,14.000
6,244,14.000,18.000
7,244,18.000,18.000
8,244,18.000,19.000
9,244,19.000,115.000
0,246,14.000,15.000
1,246,15.000,17.000
2,246,17.000,37.000
3,246,37.000,50.000
4,246,50.000,53.000
5,246,53.000,59.000
6,246,59.000,61.000
7,246,61.000,75.000
8,246,75.000,104.000
9,246,104.000,786.000
0,248,0,21.000
1,248,21.000,33.000
2,248,33.000,36.000
3,248,36.000,40.000
4,248,40.000,45.000
5,248,45.000,47.000
6,248,47.000,65.000
7,248,65.000,74.000
8,248,74.000,89.000
9,248,89.000,403.000
0,250,6.000,12.000
1,250,12.000,16.000
2,250,16.000,18.000
3,250,18.000,20.000
4,250,20.000,23.000
5,250,23.000,26.000
6,250,26.000,37.000
7,250,37.000,50.000
8,250,50.000,65.000
9,250,65.000,263.000
0,299,12.000,20.000
1,299,20.000,26.000
2,299,26.000,35.000
3,299,35.000,45.000
4,299,45.000,61.000
5,299,61.000,66.000
6,299,66.000,88.000
7,299,88.000,116.000
8,299,116.000,242.000
9,299,242.000,928.000
0,302,1.000,4.000
1,302,4.000,5.000
2,302,5.000,7.000
3,302,7.000,8.000
4,302,8.000,10.000
5,302,10.000,12.000
6,302,12.000,13.000
7,302,13.000,16.000
8,302,16.000,22.000
9,302,22.000,230.000
0,303,1.000,6.000
1,303,6.000,7.000
2,303,7.000,9.000
3,303,9.000,10.000
4,303,10.000,12.000
5,303,12.000,14.000
6,303,14.000,18.000
7,303,18.000,22.000
8,303,22.000,29.000
9,303,29.000,353.000
0,304,2.000,9.000
1,304,9.000,13.000
2,304,13.000,19.000
3,304,19.000,23.000
4,304,23.000,28.000
5,304,28.000,33.000
6,304,33.000,42.000
7,304,42.000,54.000
8,304,54.000,69.000
9,304,69.000,183.000
0,306,0,2.000
1,306,2.000,3.000
2,306,3.000,4.000
3,306,4.000,5.000
4,306,5.000,7.000
5,306,7.000,8.000
6,306,8.000,9.000
7,306,9.000,12.000
8,306,12.000,17.000
9,306,17.000,270.000
0,308,0,12.000
1,308,12.000,20.000
2,308,20.000,29.000
3,308,29.000,39.000
4,308,39.000,46.000
5,308,46.000,62.000
6,308,62.000,89.000
7,308,89.000,139.000
8,308,139.000,299.000
9,308,299.000,900.000
0,310,1.000,7.000
1,310,7.000,8.000
2,310,8.000,8.000
3,310,8.000,9.000
4,310,9.000,9.000
5,310,9.000,9.000
6,310,9.000,10.000
7,310,10.000,10.000
8,310,10.000,11.000
9,310,11.000,14.000
0,311,4.000,10.000
1,311,10.000,17.000
2,311,17.000,28.000
3,311,28.000,39.000
4,311,39.000,51.000
5,311,51.000,69.000
6,311,69.000,82.000
7,311,82.000,89.000
8,311,89.000,104.000
9,311,104.000,134.000
0,312,2.000,5.000
1,312,5.000,6.000
2,312,6.000,7.000
3,312,7.000,8.000
4,312,8.000,9.000
5,312,9.000,9.000
6,312,9.000,11.000
7,312,11.000,15.000
8,312,15.000,26.000
9,312,26.000,115.000
0,313,1.000,2.000
1,313,2.000,4.000
2,313,4.000,4.000
3,313,4.000,5.000
4,313,5.000,7.000
5,313,7.000,9.000
6,313,9.000,11.000
7,313,11.000,14.000
8,313,14.000,21.000
9,313,21.000,217.000
0,314,0,4.000
1,314,4.000,5.000
2,314,5.000,6.000
3,314,6.000,10.000
4,314,10.000,12.000
5,314,12.000,19.000
6,314,19.000,29.000
7,314,29.000,35.000
8,314,35.000,45.000
9,314,45.000,450.000
0,315,4.000,16.000
1,315,16.000,56.000
2,315,56.000,84.000
3,315,84.000,91.000
4,315,91.000,97.000
5,315,97.000,108.000
6,315,108.000,117.000
7,315,117.000,130.000
8,315,130.000,160.000
9,315,160.000,787.000
0,316,1.000,2.000
1,316,2.000,3.000
2,316,3.000,3.000
3,316,3.000,3.000
4,316,3.000,4.000
5,316,4.000,4.000
6,316,4.000,5.000
7,316,5.000,6.000
8,316,6.000,9.000
9,316,9.000,18.000
0,317,14.000,14.000
5,317,14.000,20.000
0,318,3.000,8.000
1,318,8.000,9.000
2,318,9.000,10.000
3,318,10.000,11.000
4,318,11.000,11.000
5,318,11.000,12.000
6,318,12.000,13.000
7,318,13.000,15.000
8,318,15.000,17.000
9,318,17.000,34.000
0,320,1.000,6.000
1,320,6.000,9.000
2,320,9.000,11.000
3,320,11.000,14.000
4,320,14.000,17.000
5,320,17.000,21.000
6,320,21.000,25.000
7,320,25.000,31.000
8,320,31.000,42.000
9,320,42.000,1.071.000
0,321,1.071.000,14.000
1,321,14.000,19.000
2,321,19.000,23.000
3,321,23.000,27.000
4,321,27.000,31.000
5,321,31.000,35.000
6,321,35.000,43.000
7,321,43.000,57.000
8,321,57.000,75.000
9,321,75.000,423.000
0,322,2.000,4.000
1,322,4.000,6.000
2,322,6.000,9.000
3,322,9.000,12.000
4,322,12.000,28.000
5,322,28.000,42.000
6,322,42.000,47.000
7,322,47.000,71.000
8,322,71.000,99.000
9,322,99.000,289.000
0,324,1.000,2.000
1,324,2.000,4.000
2,324,4.000,5.000
3,324,5.000,7.000
4,324,7.000,10.000
5,324,10.000,13.000
6,324,13.000,20.000
7,324,20.000,27.000
8,324,27.000,59.000
9,324,59.000,172.000
0,398,0,0
1,398,0,7.000
2,398,7.000,14.000
3,398,14.000,21.000
4,398,21.000,22.000
5,398,22.000,26.000
6,398,26.000,31.000
7,398,31.000,199.000
8,398,199.000,371.000
9,398,371.000,950.000
0,399,3.000,6.000
1,399,6.000,8.000
2,399,8.000,9.000
3,399,9.000,10.000
4,399,10.000,10.000
5,399,10.000,13.000
6,399,13.000,23.000
7,399,23.000,31.000
8,399,31.000,47.000
9,399,47.000,1.572.000
0,402,7.000,14.000
1,402,14.000,20.000
2,402,20.000,22.000
3,402,22.000,25.000
4,402,25.000,29.000
5,402,29.000,32.000
6,402,32.000,38.000
7,402,38.000,60.000
8,402,60.000,113.000
9,402,113.000,396.000
0,404,16.000,18.000
1,404,18.000,25.000
2,404,25.000,26.000
3,404,26.000,31.000
4,404,31.000,34.000
5,404,34.000,45.000
6,404,45.000,52.000
7,404,52.000,136.000
8,404,136.000,252.000
9,404,252.000,912.000
0,406,0,15.000
1,406,15.000,20.000
2,406,20.000,25.000
3,406,25.000,29.000
4,406,29.000,34.000
5,406,34.000,40.000
6,406,40.000,52.000
7,406,52.000,68.000
8,406,68.000,115.000
9,406,115.000,2.056.000
0,408,10.000,41.000
1,408,41.000,49.000
2,408,49.000,92.000
3,408,92.000,103.000
4,408,103.000,120.000
5,408,120.000,192.000
6,408,192.000,202.000
7,408,202.000,263.000
8,408,263.000,329.000
9,408,329.000,1.064.000
0,410,23.000,23.000
0,412,3.000,9.000
1,412,9.000,10.000
2,412,10.000,17.000
3,412,17.000,22.000
4,412,22.000,27.000
5,412,27.000,31.000
6,412,31.000,44.000
7,412,44.000,60.000
8,412,60.000,147.000
9,412,147.000,289.000
0,414,5.000,10.000
1,414,10.000,14.000
2,414,14.000,20.000
3,414,20.000,25.000
4,414,25.000,32.000
5,414,32.000,40.000
6,414,40.000,55.000
7,414,55.000,93.000
8,414,93.000,159.000
9,414,159.000,403.000
0,416,0,19.000
1,416,19.000,27.000
2,416,27.000,39.000
3,416,39.000,53.000
4,416,53.000,74.000
5,416,74.000,97.000
6,416,97.000,118.000
7,416,118.000,136.000
8,416,136.000,176.000
9,416,176.000,1.101.000
0,418,0,12.000
1,418,12.000,17.000
2,418,17.000,19.000
3,418,19.000,22.000
4,418,22.000,29.000
5,418,29.000,43.000
6,418,43.000,51.000
7,418,51.000,97.000
8,418,97.000,164.000
9,418,164.000,3.794.000
0,419,3.000,22.000
1,419,22.000,35.000
2,419,35.000,38.000
3,419,38.000,47.000
4,419,47.000,66.000
5,419,66.000,83.000
6,419,83.000,106.000
7,419,106.000,122.000
8,419,122.000,157.000
9,419,157.000,911.000
0,420,0,19.000
1,420,19.000,22.000
2,420,22.000,24.000
3,420,24.000,26.000
4,420,26.000,29.000
5,420,29.000,32.000
6,420,32.000,35.000
7,420,35.000,39.000
8,420,39.000,48.000
9,420,48.000,300.000
0,499,5.000,6.000
1,499,6.000,11.000
2,499,11.000,22.000
3,499,22.000,25.000
4,499,25.000,35.000
5,499,35.000,43.000
6,499,43.000,56.000
7,499,56.000,57.000
8,499,57.000,65.000
9,499,65.000,68.000
0,501,2.000,14.000
1,501,14.000,16.000
2,501,16.000,17.000
3,501,17.000,18.000
4,501,18.000,19.000
5,501,19.000,19.000
6,501,19.000,20.000
7,501,20.000,22.000
8,501,22.000,24.000
9,501,24.000,351.000
0,502,351.000,13.000
1,502,13.000,15.000
2,502,15.000,16.000
3,502,16.000,17.000
4,502,17.000,18.000
5,502,18.000,19.000
6,502,19.000,21.000
7,502,21.000,23.000
8,502,23.000,28.000
9,502,28.000,386.000
0,503,386.000,14.000
1,503,14.000,15.000
2,503,15.000,16.000
3,503,16.000,17.000
4,503,17.000,18.000
5,503,18.000,18.000
6,503,18.000,20.000
7,503,20.000,21.000
8,503,21.000,23.000
9,503,23.000,117.000
0,504,0,103.000
1,504,103.000,161.000
2,504,161.000,265.000
3,504,265.000,524.000
4,504,524.000,946.000
5,504,946.000,1.668.000
6,504,1.668.000,2.431.000
7,504,2.431.000,3.516.000
8,504,3.516.000,5.025.000
9,504,5.025.000,22.650.000
0,505,2.000,13.000
1,505,13.000,15.000
2,505,15.000,16.000
3,505,16.000,16.000
4,505,16.000,17.000
5,505,17.000,19.000
6,505,19.000,20.000
7,505,20.000,22.000
8,505,22.000,26.000
9,505,26.000,1.040.000
0,506,5.000,19.000
1,506,19.000,36.000
2,506,36.000,53.000
3,506,53.000,82.000
4,506,82.000,115.000
5,506,115.000,150.000
6,506,150.000,282.000
7,506,282.000,541.000
8,506,541.000,1.133.000
9,506,1.133.000,8.114.000
0,508,20.000,55.000
1,508,55.000,66.000
2,508,66.000,77.000
3,508,77.000,86.000
4,508,86.000,91.000
5,508,91.000,97.000
6,508,97.000,104.000
7,508,104.000,113.000
8,508,113.000,133.000
9,508,133.000,182.000
0,510,0,1.000
1,510,1.000,2.000
2,510,2.000,2.000
3,510,2.000,3.000
4,510,3.000,4.000
5,510,4.000,5.000
6,510,5.000,8.000
7,510,8.000,14.000
8,510,14.000,23.000
9,510,23.000,264.000
0,512,3.000,26.000
1,512,26.000,38.000
2,512,38.000,54.000
3,512,54.000,77.000
4,512,77.000,98.000
5,512,98.000,112.000
6,512,112.000,132.000
7,512,132.000,177.000
8,512,177.000,232.000
9,512,232.000,1.044.000
0,513,7.000,8.000
1,513,8.000,8.000
2,513,8.000,9.000
3,513,9.000,10.000
4,513,10.000,11.000
5,513,11.000,12.000
6,513,12.000,13.000
7,513,13.000,13.000
8,513,13.000,17.000
9,513,17.000,708.000
0,514,9.000,33.000
1,514,33.000,50.000
2,514,50.000,66.000
3,514,66.000,79.000
4,514,79.000,93.000
5,514,93.000,105.000
6,514,105.000,128.000
7,514,128.000,148.000
8,514,148.000,187.000
9,514,187.000,1.425.000
0,515,107.000,107.000
5,515,107.000,1.293.000
0,516,13.000,19.000
1,516,19.000,24.000
2,516,24.000,24.000
3,516,24.000,28.000
4,516,28.000,30.000
5,516,30.000,41.000
6,516,41.000,43.000
7,516,43.000,50.000
8,516,50.000,70.000
9,516,70.000,89.000
0,518,0,14.000
1,518,14.000,21.000
2,518,21.000,26.000
3,518,26.000,32.000
4,518,32.000,40.000
5,518,40.000,51.000
6,518,51.000,68.000
7,518,68.000,97.000
8,518,97.000,159.000
9,518,159.000,8.500.000
0,520,1.000,2.000
1,520,2.000,2.000
2,520,2.000,3.000
3,520,3.000,4.000
4,520,4.000,12.000
5,520,12.000,16.000
6,520,16.000,19.000
7,520,19.000,43.000
8,520,43.000,67.000
9,520,67.000,157.000
0,521,157.000,3.000
1,521,3.000,3.000
2,521,3.000,3.000
3,521,3.000,4.000
4,521,4.000,4.000
5,521,4.000,4.000
6,521,4.000,5.000
7,521,5.000,6.000
8,521,6.000,8.000
9,521,8.000,103.000
0,522,32.000,32.000
1,522,32.000,38.000
2,522,38.000,40.000
4,522,40.000,41.000
5,522,41.000,78.000
7,522,78.000,82.000
8,522,82.000,113.000
0,523,2.000,3.000
1,523,3.000,3.000
2,523,3.000,3.000
3,523,3.000,4.000
4,523,4.000,4.000
5,523,4.000,4.000
6,523,4.000,4.000
7,523,4.000,5.000
8,523,5.000,10.000
9,523,10.000,64.000
0,524,0,15.000
1,524,15.000,25.000
2,524,25.000,33.000
3,524,33.000,41.000
4,524,41.000,55.000
5,524,55.000,75.000
6,524,75.000,103.000
7,524,103.000,135.000
8,524,135.000,194.000
9,524,194.000,2.512.000
0,525,2.000,3.000
1,525,3.000,3.000
2,525,3.000,3.000
3,525,3.000,4.000
4,525,4.000,4.000
5,525,4.000,4.000
6,525,4.000,4.000
7,525,4.000,4.000
8,525,4.000,5.000
9,525,5.000,154.000
0,526,2.000,2.000
5,526,2.000,3.000
0,599,13.000,17.000
1,599,17.000,19.000
2,599,19.000,29.000
3,599,29.000,53.000
4,599,53.000,56.000
5,599,56.000,80.000
6,599,80.000,109.000
7,599,109.000,127.000
8,599,127.000,158.000
9,599,158.000,225.000
0,604,0,50.000
1,604,50.000,70.000
2,604,70.000,87.000
3,604,87.000,101.000
4,604,101.000,113.000
5,604,113.000,124.000
6,604,124.000,140.000
7,604,140.000,170.000
8,604,170.000,251.000
9,604,251.000,1.800.000
0,605,0,58.000
1,605,58.000,59.000
2,605,59.000,84.000
3,605,84.000,96.000
4,605,96.000,97.000
5,605,97.000,98.000
6,605,98.000,161.000
7,605,161.000,207.000
8,605,207.000,285.000
9,605,285.000,5.064.000
0,606,25.000,25.000
1,606,25.000,36.000
2,606,36.000,40.000
3,606,40.000,59.000
4,606,59.000,62.000
5,606,62.000,71.000
6,606,71.000,97.000
7,606,97.000,176.000
8,606,176.000,239.000
0,608,0,8.000
1,608,8.000,11.000
2,608,11.000,13.000
3,608,13.000,16.000
4,608,16.000,18.000
5,608,18.000,20.000
6,608,20.000,24.000
7,608,24.000,27.000
8,608,27.000,34.000
9,608,34.000,213.000
0,610,4.000,18.000
1,610,18.000,40.000
2,610,40.000,56.000
3,610,56.000,79.000
4,610,79.000,96.000
5,610,96.000,111.000
6,610,111.000,135.000
7,610,135.000,176.000
8,610,176.000,265.000
9,610,265.000,1.345.000
0,611,4.000,20.000
1,611,20.000,30.000
2,611,30.000,52.000
3,611,52.000,98.000
4,611,98.000,150.000
5,611,150.000,169.000
6,611,169.000,180.000
7,611,180.000,229.000
8,611,229.000,294.000
9,611,294.000,897.000
0,612,13.000,18.000
1,612,18.000,33.000
2,612,33.000,41.000
3,612,41.000,49.000
4,612,49.000,53.000
5,612,53.000,59.000
6,612,59.000,67.000
7,612,67.000,127.000
8,612,127.000,279.000
9,612,279.000,1.622.000
0,613,1.000,5.000
1,613,5.000,7.000
2,613,7.000,8.000
3,613,8.000,9.000
4,613,9.000,11.000
5,613,11.000,15.000
6,613,15.000,22.000
7,613,22.000,34.000
8,613,34.000,68.000
9,613,68.000,2.000.000
0,614,0,27.000
1,614,27.000,44.000
2,614,44.000,55.000
3,614,55.000,67.000
4,614,67.000,78.000
5,614,78.000,95.000
6,614,95.000,118.000
7,614,118.000,149.000
8,614,149.000,224.000
9,614,224.000,11.915.000
0,615,116.000,116.000
1,615,116.000,142.000
2,615,142.000,143.000
3,615,143.000,339.000
4,615,339.000,558.000
5,615,558.000,614.000
6,615,614.000,632.000
7,615,632.000,1.171.000
8,615,1.171.000,1.243.000
0,616,0,42.000
1,616,42.000,56.000
2,616,56.000,93.000
3,616,93.000,121.000
4,616,121.000,191.000
5,616,191.000,357.000
6,616,357.000,480.000
7,616,480.000,619.000
8,616,619.000,873.000
9,616,873.000,1.914.000
0,618,7.000,15.000
1,618,15.000,18.000
2,618,18.000,20.000
3,618,20.000,22.000
4,618,22.000,24.000
5,618,24.000,27.000
6,618,27.000,36.000
7,618,36.000,56.000
8,618,56.000,109.000
9,618,109.000,458.000
0,619,2.000,3.000
1,619,3.000,3.000
2,619,3.000,3.000
3,619,3.000,4.000
4,619,4.000,4.000
5,619,4.000,4.000
6,619,4.000,16.000
7,619,16.000,20.000
8,619,20.000,25.000
9,619,25.000,66.000
0,620,0,3.000
1,620,3.000,4.000
2,620,4.000,6.000
3,620,6.000,9.000
4,620,9.000,14.000
5,620,14.000,17.000
6,620,17.000,19.000
7,620,19.000,22.000
8,620,22.000,29.000
9,620,29.000,399.000
0,622,1.000,22.000
1,622,22.000,32.000
2,622,32.000,42.000
3,622,42.000,50.000
4,622,50.000,59.000
5,622,59.000,69.000
6,622,69.000,84.000
7,622,84.000,110.000
8,622,110.000,145.000
9,622,145.000,676.000
0,624,3.000,7.000
1,624,7.000,10.000
2,624,10.000,11.000
3,624,11.000,13.000
4,624,13.000,14.000
5,624,14.000,16.000
6,624,16.000,18.000
7,624,18.000,21.000
8,624,21.000,25.000
9,624,25.000,461.000
0,626,10.000,39.000
1,626,39.000,41.000
2,626,41.000,45.000
3,626,45.000,52.000
4,626,52.000,55.000
5,626,55.000,62.000
6,626,62.000,64.000
7,626,64.000,78.000
8,626,78.000,166.000
9,626,166.000,258.000
0,650,0,81.000
1,650,81.000,141.000
2,650,141.000,265.000
3,650,265.000,561.000
4,650,561.000,754.000
5,650,754.000,1.018.000
6,650,1.018.000,1.313.000
7,650,1.313.000,1.622.000
8,650,1.622.000,1.941.000
9,650,1.941.000,7.322.000
0,651,7.322.000,35.000
1,651,35.000,42.000
2,651,42.000,83.000
3,651,83.000,106.000
4,651,106.000,232.000
5,651,232.000,378.000
6,651,378.000,1.030.000
7,651,1.030.000,1.370.000
8,651,1.370.000,1.493.000
9,651,1.493.000,3.567.000
0,652,3.567.000,21.000
1,652,21.000,54.000
2,652,54.000,86.000
3,652,86.000,131.000
4,652,131.000,211.000
5,652,211.000,358.000
6,652,358.000,673.000
7,652,673.000,1.063.000
8,652,1.063.000,1.761.000
9,652,1.761.000,16.531.000
0,699,0,5.000
1,699,5.000,9.000
2,699,9.000,13.000
3,699,13.000,18.000
4,699,18.000,23.000
5,699,23.000,30.000
6,699,30.000,36.000
7,699,36.000,70.000
8,699,70.000,160.000
9,699,160.000,3.184.000
0,702,2.000,15.000
1,702,15.000,20.000
2,702,20.000,23.000
3,702,23.000,26.000
4,702,26.000,31.000
5,702,31.000,34.000
6,702,34.000,38.000
7,702,38.000,47.000
8,702,47.000,57.000
9,702,57.000,714.000
0,703,2.000,12.000
1,703,12.000,21.000
2,703,21.000,27.000
3,703,27.000,30.000
4,703,30.000,32.000
5,703,32.000,35.000
6,703,35.000,39.000
7,703,39.000,47.000
8,703,47.000,84.000
9,703,84.000,440.000
0,704,5.000,18.000
1,704,18.000,21.000
2,704,21.000,23.000
3,704,23.000,27.000
4,704,27.000,29.000
5,704,29.000,32.000
6,704,32.000,34.000
7,704,34.000,39.000
8,704,39.000,57.000
9,704,57.000,224.000
0,706,13.000,13.000
3,706,13.000,18.000
6,706,18.000,25.000
0,710,12.000,23.000
1,710,23.000,24.000
2,710,24.000,29.000
3,710,29.000,37.000
4,710,37.000,44.000
5,710,44.000,49.000
6,710,49.000,115.000
7,710,115.000,129.000
8,710,129.000,185.000
9,710,185.000,450.000
0,712,4.000,10.000
1,712,10.000,14.000
2,712,14.000,16.000
3,712,16.000,20.000
4,712,20.000,23.000
5,712,23.000,26.000
6,712,26.000,31.000
7,712,31.000,37.000
8,712,37.000,53.000
9,712,53.000,146.000
0,714,0,10.000
1,714,10.000,13.000
2,714,13.000,16.000
3,714,16.000,19.000
4,714,19.000,23.000
5,714,23.000,28.000
6,714,28.000,35.000
7,714,35.000,43.000
8,714,43.000,59.000
9,714,59.000,2.228.000
0,732,11.000,15.000
1,732,15.000,17.000
2,732,17.000,30.000
3,732,30.000,34.000
4,732,34.000,39.000
5,732,39.000,41.000
6,732,41.000,46.000
7,732,46.000,51.000
8,732,51.000,59.000
9,732,59.000,176.000
0,734,5.000,15.000
1,734,15.000,20.000
2,734,20.000,21.000
3,734,21.000,24.000
4,734,24.000,27.000
5,734,27.000,30.000
6,734,30.000,37.000
7,734,37.000,44.000
8,734,44.000,59.000
9,734,59.000,139.000
0,736,4.000,10.000
1,736,10.000,14.000
2,736,14.000,17.000
3,736,17.000,22.000
4,736,22.000,25.000
5,736,25.000,31.000
6,736,31.000,36.000
7,736,36.000,43.000
8,736,43.000,56.000
9,736,56.000,522.000
0,738,5.000,14.000
1,738,14.000,19.000
2,738,19.000,23.000
3,738,23.000,31.000
4,738,31.000,39.000
5,738,39.000,45.000
6,738,45.000,57.000
7,738,57.000,68.000
8,738,68.000,88.000
9,738,88.000,1.348.000
0,752,3.000,9.000
1,752,9.000,11.000
2,752,11.000,12.000
3,752,12.000,13.000
4,752,13.000,15.000
5,752,15.000,19.000
6,752,19.000,24.000
7,752,24.000,30.000
8,752,30.000,45.000
9,752,45.000,721.000
0,754,1.000,8.000
1,754,8.000,16.000
2,754,16.000,26.000
3,754,26.000,30.000
4,754,30.000,36.000
5,754,36.000,57.000
6,754,57.000,61.000
7,754,61.000,78.000
8,754,78.000,149.000
9,754,149.000,286.000
0,756,2.000,14.000
1,756,14.000,19.000
2,756,19.000,21.000
3,756,21.000,24.000
4,756,24.000,28.000
5,756,28.000,35.000
6,756,35.000,44.000
7,756,44.000,56.000
8,756,56.000,73.000
9,756,73.000,560.000
0,758,0,15.000
1,758,15.000,19.000
2,758,19.000,21.000
3,758,21.000,22.000
4,758,22.000,22.000
5,758,22.000,23.000
6,758,23.000,24.000
7,758,24.000,27.000
8,758,27.000,37.000
9,758,37.000,218.000
0,760,6.000,6.000
1,760,6.000,10.000
2,760,10.000,11.000
3,760,11.000,14.000
5,760,14.000,31.000
6,760,31.000,76.000
7,760,76.000,230.000
8,760,230.000,389.000
0,762,2.000,10.000
1,762,10.000,12.000
2,762,12.000,14.000
3,762,14.000,16.000
4,762,16.000,18.000
5,762,18.000,21.000
6,762,21.000,23.000
7,762,23.000,27.000
8,762,27.000,32.000
9,762,32.000,251.000
0,764,17.000,17.000
1,764,17.000,21.000
2,764,21.000,21.000
3,764,21.000,32.000
5,764,32.000,38.000
6,764,38.000,41.000
7,764,41.000,51.000
8,764,51.000,88.000
0,766,0,9.000
1,766,9.000,13.000
2,766,13.000,16.000
3,766,16.000,19.000
4,766,19.000,22.000
5,766,22.000,27.000
6,766,27.000,34.000
7,766,34.000,44.000
8,766,44.000,65.000
9,766,65.000,1.488.000
0,772,0,12.000
1,772,12.000,16.000
2,772,16.000,18.000
3,772,18.000,20.000
4,772,20.000,22.000
5,772,22.000,24.000
6,772,24.000,27.000
7,772,27.000,30.000
8,772,30.000,45.000
9,772,45.000,338.000
0,774,20.000,20.000
1,774,20.000,21.000
3,774,21.000,29.000
5,774,29.000,30.000
6,774,30.000,42.000
8,774,42.000,42.000
0,776,1.000,8.000
1,776,8.000,9.000
2,776,9.000,11.000
3,776,11.000,13.000
4,776,13.000,14.000
5,776,14.000,15.000
6,776,15.000,18.000
7,776,18.000,23.000
8,776,23.000,29.000
9,776,29.000,53.000
0,778,4.000,8.000
1,778,8.000,10.000
2,778,10.000,13.000
3,778,13.000,15.000
4,778,15.000,17.000
5,778,17.000,19.000
6,778,19.000,22.000
7,778,22.000,28.000
8,778,28.000,43.000
9,778,43.000,281.000
0,780,35.000,35.000
5,780,35.000,53.000
0,802,0,35.000
1,802,35.000,55.000
2,802,55.000,99.000
3,802,99.000,148.000
4,802,148.000,191.000
5,802,191.000,283.000
6,802,283.000,402.000
7,802,402.000,507.000
8,802,507.000,766.000
9,802,766.000,6.942.000
0,804,1.000,27.000
1,804,27.000,48.000
2,804,48.000,58.000
3,804,58.000,103.000
4,804,103.000,140.000
5,804,140.000,192.000
6,804,192.000,225.000
7,804,225.000,347.000
8,804,347.000,525.000
9,804,525.000,1.855.000
0,806,14.000,16.000
1,806,16.000,29.000
2,806,29.000,31.000
3,806,31.000,38.000
4,806,38.000,45.000
5,806,45.000,50.000
6,806,50.000,81.000
7,806,81.000,96.000
8,806,96.000,194.000
9,806,194.000,257.000
0,808,1.000,8.000
1,808,8.000,10.000
2,808,10.000,13.000
3,808,13.000,15.000
4,808,15.000,18.000
5,808,18.000,21.000
6,808,21.000,25.000
7,808,25.000,32.000
8,808,32.000,47.000
9,808,47.000,1.425.000
0,812,0,7.000
1,812,7.000,10.000
2,812,10.000,14.000
3,812,14.000,21.000
4,812,21.000,31.000
5,812,31.000,42.000
6,812,42.000,56.000
7,812,56.000,83.000
8,812,83.000,198.000
9,812,198.000,2.547.000
0,814,6.000,10.000
1,814,10.000,16.000
2,814,16.000,37.000
3,814,37.000,59.000
4,814,59.000,98.000
5,814,98.000,146.000
6,814,146.000,160.000
7,814,160.000,189.000
8,814,189.000,690.000
9,814,690.000,3.536.000
0,816,4.000,9.000
1,816,9.000,12.000
2,816,12.000,17.000
3,816,17.000,25.000
4,816,25.000,38.000
5,816,38.000,55.000
6,816,55.000,75.000
7,816,75.000,128.000
8,816,128.000,281.000
9,816,281.000,2.266.000
0,818,25.000,32.000
1,818,32.000,69.000
2,818,69.000,107.000
3,818,107.000,114.000
4,818,114.000,128.000
5,818,128.000,149.000
6,818,149.000,199.000
7,818,199.000,268.000
8,818,268.000,419.000
9,818,419.000,1.135.000
0,820,10.000,28.000
1,820,28.000,47.000
2,820,47.000,53.000
3,820,53.000,63.000
4,820,63.000,73.000
5,820,73.000,83.000
6,820,83.000,95.000
7,820,95.000,126.000
8,820,126.000,177.000
9,820,177.000,1.270.000
0,822,3.000,26.000
1,822,26.000,42.000
2,822,42.000,50.000
3,822,50.000,60.000
4,822,60.000,70.000
5,822,70.000,81.000
6,822,81.000,93.000
7,822,93.000,108.000
8,822,108.000,156.000
9,822,156.000,2.100.000
0,824,8.000,26.000
1,824,26.000,47.000
2,824,47.000,71.000
3,824,71.000,88.000
4,824,88.000,113.000
5,824,113.000,146.000
6,824,146.000,169.000
7,824,169.000,210.000
8,824,210.000,310.000
9,824,310.000,1.070.000
0,826,0,15.000
1,826,15.000,25.000
2,826,25.000,43.000
3,826,43.000,74.000
4,826,74.000,124.000
5,826,124.000,204.000
6,826,204.000,267.000
7,826,267.000,351.000
8,826,351.000,505.000
9,826,505.000,5.725.000
0,828,9.000,14.000
1,828,14.000,20.000
2,828,20.000,27.000
3,828,27.000,39.000
4,828,39.000,52.000
5,828,52.000,67.000
6,828,67.000,69.000
7,828,69.000,93.000
8,828,93.000,111.000
9,828,111.000,710.000
0,830,0,13.000
1,830,13.000,20.000
2,830,20.000,26.000
3,830,26.000,32.000
4,830,32.000,41.000
5,830,41.000,56.000
6,830,56.000,91.000
7,830,91.000,145.000
8,830,145.000,314.000
9,830,314.000,2.936.000
0,832,0,12.000
1,832,12.000,15.000
2,832,15.000,24.000
3,832,24.000,35.000
4,832,35.000,44.000
5,832,44.000,55.000
6,832,55.000,82.000
7,832,82.000,147.000
8,832,147.000,206.000
9,832,206.000,2.261.000
0,834,0,8.000
1,834,8.000,12.000
2,834,12.000,15.000
3,834,15.000,20.000
4,834,20.000,25.000
5,834,25.000,32.000
6,834,32.000,39.000
7,834,39.000,50.000
8,834,50.000,71.000
9,834,71.000,18.754.000
0,835,18.754.000,70.000
1,835,70.000,92.000
2,835,92.000,110.000
3,835,110.000,127.000
4,835,127.000,147.000
5,835,147.000,199.000
6,835,199.000,332.000
7,835,332.000,398.000
8,835,398.000,477.000
9,835,477.000,2.100.000
0,836,2.000,9.000
1,836,9.000,15.000
2,836,15.000,27.000
3,836,27.000,33.000
4,836,33.000,39.000
5,836,39.000,52.000
6,836,52.000,69.000
7,836,69.000,90.000
8,836,90.000,265.000
9,836,265.000,1.700.000
0,838,23.000,37.000
1,838,37.000,86.000
2,838,86.000,99.000
3,838,99.000,104.000
4,838,104.000,106.000
5,838,106.000,125.000
6,838,125.000,148.000
7,838,148.000,156.000
8,838,156.000,396.000
9,838,396.000,1.290.000
0,840,1.000,15.000
1,840,15.000,17.000
2,840,17.000,19.000
3,840,19.000,20.000
4,840,20.000,22.000
5,840,22.000,23.000
6,840,23.000,25.000
7,840,25.000,28.000
8,840,28.000,33.000
9,840,33.000,2.458.000
0,841,0,13.000
1,841,13.000,17.000
2,841,17.000,18.000
3,841,18.000,19.000
4,841,19.000,21.000
5,841,21.000,24.000
6,841,24.000,29.000
7,841,29.000,41.000
8,841,41.000,95.000
9,841,95.000,5.729.000
0,842,0,10.000
1,842,10.000,14.000
2,842,14.000,17.000
3,842,17.000,22.000
4,842,22.000,27.000
5,842,27.000,35.000
6,842,35.000,45.000
7,842,45.000,59.000
8,842,59.000,99.000
9,842,99.000,2.813.000
0,844,2.000,11.000
1,844,11.000,14.000
2,844,14.000,17.000
3,844,17.000,20.000
4,844,20.000,23.000
5,844,23.000,26.000
6,844,26.000,30.000
7,844,30.000,38.000
8,844,38.000,51.000
9,844,51.000,505.000
0,846,7.000,16.000
1,846,16.000,19.000
2,846,19.000,25.000
3,846,25.000,28.000
4,846,28.000,35.000
5,846,35.000,49.000
6,846,49.000,66.000
7,846,66.000,93.000
8,846,93.000,163.000
9,846,163.000,373.000
0,847,6.000,6.000
5,847,6.000,45.000
0,848,0,23.000
1,848,23.000,34.000
2,848,34.000,42.000
3,848,42.000,53.000
4,848,53.000,64.000
5,848,64.000,85.000
6,848,85.000,114.000
7,848,114.000,170.000
8,848,170.000,344.000
9,848,344.000,6.076.000
0,850,5.000,12.000
1,850,12.000,19.000
2,850,19.000,30.000
3,850,30.000,38.000
4,850,38.000,62.000
5,850,62.000,69.000
6,850,69.000,98.000
7,850,98.000,103.000
8,850,103.000,155.000
9,850,155.000,306.000
0,852,3.000,7.000
1,852,7.000,8.000
2,852,8.000,10.000
3,852,10.000,12.000
4,852,12.000,15.000
5,852,15.000,20.000
6,852,20.000,25.000
7,852,25.000,31.000
8,852,31.000,46.000
9,852,46.000,269.000
0,854,0,33.000
1,854,33.000,55.000
2,854,55.000,75.000
3,854,75.000,94.000
4,854,94.000,114.000
5,854,114.000,139.000
6,854,139.000,169.000
7,854,169.000,222.000
8,854,222.000,354.000
9,854,354.000,21.606.000
0,856,21.606.000,16.000
1,856,16.000,41.000
2,856,41.000,47.000
3,856,47.000,49.000
4,856,49.000,67.000
5,856,67.000,107.000
6,856,107.000,210.000
7,856,210.000,320.000
8,856,320.000,450.000
9,856,450.000,773.000
0,860,0,25.000
1,860,25.000,50.000
2,860,50.000,75.000
3,860,75.000,100.000
4,860,100.000,200.000
5,860,200.000,500.000
6,860,500.000,900.000
7,860,900.000,1.500.000
8,860,1.500.000,2.000.000
9,860,2.000.000,3.000.000
0,862,13.000,17.000
1,862,17.000,24.000
2,862,24.000,32.000
3,862,32.000,43.000
4,862,43.000,45.000
5,862,45.000,58.000
6,862,58.000,66.000
7,862,66.000,80.000
8,862,80.000,126.000
9,862,126.000,364.000
0,864,5.000,33.000
1,864,33.000,41.000
2,864,41.000,53.000
3,864,53.000,63.000
4,864,63.000,79.000
5,864,79.000,87.000
6,864,87.000,126.000
7,864,126.000,188.000
8,864,188.000,639.000
9,864,639.000,6.190.000
0,866,28.000,34.000
1,866,34.000,92.000
2,866,92.000,204.000
3,866,204.000,286.000
4,866,286.000,372.000
5,866,372.000,424.000
6,866,424.000,595.000
7,866,595.000,609.000
8,866,609.000,831.000
9,866,831.000,1.045.000
0,868,3.000,20.000
1,868,20.000,26.000
2,868,26.000,33.000
3,868,33.000,42.000
4,868,42.000,51.000
5,868,51.000,62.000
6,868,62.000,76.000
7,868,76.000,89.000
8,868,89.000,110.000
9,868,110.000,365.000
0,870,8.000,10.000
1,870,10.000,13.000
2,870,13.000,18.000
3,870,18.000,32.000
4,870,32.000,67.000
5,870,67.000,95.000
6,870,95.000,147.000
7,870,147.000,171.000
8,870,171.000,561.000
9,870,561.000,1.275.000
0,872,2.000,8.000
1,872,8.000,11.000
2,872,11.000,15.000
3,872,15.000,20.000
4,872,20.000,28.000
5,872,28.000,42.000
6,872,42.000,60.000
7,872,60.000,88.000
8,872,88.000,170.000
9,872,170.000,4.474.000
0,874,41.000,41.000
5,874,41.000,203.000
0,876,36.000,118.000
1,876,118.000,187.000
2,876,187.000,394.000
3,876,394.000,464.000
4,876,464.000,638.000
5,876,638.000,1.067.000
6,876,1.067.000,1.797.000
7,876,1.797.000,2.756.000
8,876,2.756.000,3.500.000
9,876,3.500.000,5.968.000
0,878,32.000,32.000
2,878,32.000,33.000
4,878,33.000,97.000
6,878,97.000,160.000
8,878,160.000,176.000
0,880,19.000,22.000
1,880,22.000,23.000
2,880,23.000,31.000
3,880,31.000,31.000
4,880,31.000,44.000
5,880,44.000,51.000
6,880,51.000,57.000
7,880,57.000,65.000
8,880,65.000,67.000
9,880,67.000,134.000
0,882,0,9.000
1,882,9.000,16.000
2,882,16.000,21.000
3,882,21.000,26.000
4,882,26.000,31.000
5,882,31.000,57.000
6,882,57.000,70.000
7,882,70.000,104.000
8,882,104.000,212.000
9,882,212.000,324.000
0,884,5.000,52.000
1,884,52.000,93.000
2,884,93.000,211.000
3,884,211.000,237.000
4,884,237.000,309.000
5,884,309.000,376.000
6,884,376.000,449.000
7,884,449.000,554.000
8,884,554.000,853.000
9,884,853.000,1.775.000
0,886,13.000,19.000
1,886,19.000,23.000
2,886,23.000,28.000
3,886,28.000,30.000
4,886,30.000,34.000
5,886,34.000,39.000
6,886,39.000,42.000
7,886,42.000,46.000
8,886,46.000,59.000
9,886,59.000,278.000
0,888,7.000,23.000
1,888,23.000,28.000
2,888,28.000,36.000
3,888,36.000,43.000
4,888,43.000,55.000
5,888,55.000,65.000
6,888,65.000,84.000
7,888,84.000,125.000
8,888,125.000,374.000
9,888,374.000,2.993.000
0,899,4.000,13.000
1,899,13.000,24.000
2,899,24.000,31.000
3,899,31.000,53.000
4,899,53.000,80.000
5,899,80.000,112.000
6,899,112.000,128.000
7,899,128.000,159.000
8,899,159.000,308.000
9,899,308.000,1.054.000
0,902,3.000,15.000
1,902,15.000,19.000
2,902,19.000,22.000
3,902,22.000,29.000
4,902,29.000,37.000
5,902,37.000,53.000
6,902,53.000,68.000
7,902,68.000,86.000
8,902,86.000,126.000
9,902,126.000,726.000
0,904,0,8.000
1,904,8.000,11.000
2,904,11.000,14.000
3,904,14.000,16.000
4,904,16.000,19.000
5,904,19.000,21.000
6,904,21.000,24.000
7,904,24.000,29.000
8,904,29.000,40.000
9,904,40.000,2.441.000
0,906,0,7.000
1,906,7.000,11.000
2,906,11.000,16.000
3,906,16.000,20.000
4,906,20.000,24.000
5,906,24.000,30.000
6,906,30.000,37.000
7,906,37.000,52.000
8,906,52.000,88.000
9,906,88.000,3.700.000
0,908,2.000,11.000
1,908,11.000,17.000
2,908,17.000,22.000
3,908,22.000,26.000
4,908,26.000,35.000
5,908,35.000,41.000
6,908,41.000,47.000
7,908,47.000,63.000
8,908,63.000,80.000
9,908,80.000,290.000
0,910,1.000,7.000
1,910,7.000,9.000
2,910,9.000,11.000
3,910,11.000,14.000
4,910,14.000,18.000
5,910,18.000,22.000
6,910,22.000,27.000
7,910,27.000,34.000
8,910,34.000,51.000
9,910,51.000,499.000
0,912,1.000,10.000
1,912,10.000,13.000
2,912,13.000,17.000
3,912,17.000,24.000
4,912,24.000,37.000
5,912,37.000,52.000
6,912,52.000,67.000
7,912,67.000,92.000
8,912,92.000,163.000
9,912,163.000,2.600.000
0,914,0,2.000
1,914,2.000,5.000
2,914,5.000,7.000
3,914,7.000,10.000
4,914,10.000,15.000
5,914,15.000,30.000
6,914,30.000,45.000
7,914,45.000,75.000
8,914,75.000,100.000
9,914,100.000,200.000
0,916,0,13.000
1,916,13.000,17.000
2,916,17.000,20.000
3,916,20.000,24.000
4,916,24.000,27.000
5,916,27.000,34.000
6,916,34.000,44.000
7,916,44.000,62.000
8,916,62.000,120.000
9,916,120.000,1.894.000
0,918,0,5.000
1,918,5.000,6.000
2,918,6.000,8.000
3,918,8.000,9.000
4,918,9.000,11.000
5,918,11.000,13.000
6,918,13.000,16.000
7,918,16.000,20.000
8,918,20.000,28.000
9,918,28.000,2.650.000
0,920,2.000,9.000
1,920,9.000,13.000
2,920,13.000,16.000
3,920,16.000,18.000
4,920,18.000,21.000
5,920,21.000,23.000
6,920,23.000,27.000
7,920,27.000,33.000
8,920,33.000,39.000
9,920,39.000,118.000
0,922,3.000,8.000
1,922,8.000,10.000
2,922,10.000,13.000
3,922,13.000,15.000
4,922,15.000,17.000
5,922,17.000,20.000
6,922,20.000,25.000
7,922,25.000,36.000
8,922,36.000,70.000
9,922,70.000,691.000
0,923,0,8.000
1,923,8.000,11.000
2,923,11.000,14.000
3,923,14.000,18.000
4,923,18.000,24.000
5,923,24.000,36.000
6,923,36.000,58.000
7,923,58.000,92.000
8,923,92.000,166.000
9,923,166.000,2.753.000
0,924,0,7.000
1,924,7.000,9.000
2,924,9.000,10.000
3,924,10.000,12.000
4,924,12.000,13.000
5,924,13.000,15.000
6,924,15.000,17.000
7,924,17.000,22.000
8,924,22.000,30.000
9,924,30.000,890.000
0,926,1.000,7.000
1,926,7.000,8.000
2,926,8.000,9.000
3,926,9.000,10.000
4,926,10.000,12.000
5,926,12.000,15.000
6,926,15.000,19.000
7,926,19.000,29.000
8,926,29.000,57.000
9,926,57.000,751.000
0,930,1.000,11.000
1,930,11.000,15.000
2,930,15.000,19.000
3,930,19.000,25.000
4,930,25.000,32.000
5,930,32.000,43.000
6,930,43.000,61.000
7,930,61.000,97.000
8,930,97.000,172.000
9,930,172.000,2.280.000
0,932,4.000,11.000
1,932,11.000,18.000
2,932,18.000,21.000
3,932,21.000,25.000
4,932,25.000,31.000
5,932,31.000,36.000
6,932,36.000,41.000
7,932,41.000,55.000
8,932,55.000,73.000
9,932,73.000,326.000
0,934,4.000,17.000
1,934,17.000,22.000
2,934,22.000,30.000
3,934,30.000,37.000
4,934,37.000,47.000
5,934,47.000,58.000
6,934,58.000,79.000
7,934,79.000,128.000
8,934,128.000,237.000
9,934,237.000,800.000
0,936,0,11.000
1,936,11.000,16.000
2,936,16.000,20.000
3,936,20.000,23.000
4,936,23.000,29.000
5,936,29.000,36.000
6,936,36.000,47.000
7,936,47.000,67.000
8,936,67.000,120.000
9,936,120.000,3.592.000
0,938,0,8.000
1,938,8.000,11.000
2,938,11.000,13.000
3,938,13.000,16.000
4,938,16.000,19.000
5,938,19.000,22.000
6,938,22.000,27.000
7,938,27.000,37.000
8,938,37.000,56.000
9,938,56.000,2.479.000
0,940,0,5.000
1,940,5.000,7.000
2,940,7.000,9.000
3,940,9.000,10.000
4,940,10.000,13.000
5,940,13.000,17.000
6,940,17.000,24.000
7,940,24.000,30.000
8,940,30.000,64.000
9,940,64.000,399.000
0,941,0,1.000
1,941,1.000,2.000
2,941,2.000,3.000
3,941,3.000,4.000
4,941,4.000,4.000
5,941,4.000,7.000
6,941,7.000,9.000
7,941,9.000,11.000
8,941,11.000,12.000
9,941,12.000,20.000
0,942,1.000,7.000
1,942,7.000,9.000
2,942,9.000,10.000
3,942,10.000,12.000
4,942,12.000,14.000
5,942,14.000,17.000
6,942,17.000,20.000
7,942,20.000,24.000
8,942,24.000,35.000
9,942,35.000,514.000
0,943,2.000,5.000
1,943,5.000,8.000
2,943,8.000,9.000
3,943,9.000,11.000
4,943,11.000,12.000
5,943,12.000,13.000
6,943,13.000,14.000
7,943,14.000,17.000
8,943,17.000,21.000
9,943,21.000,1.372.000
0,944,3.000,15.000
1,944,15.000,20.000
2,944,20.000,22.000
3,944,22.000,24.000
4,944,24.000,25.000
5,944,25.000,26.000
6,944,26.000,28.000
7,944,28.000,29.000
8,944,29.000,35.000
9,944,35.000,578.000
0,946,0,23.000
1,946,23.000,35.000
2,946,35.000,48.000
3,946,48.000,60.000
4,946,60.000,75.000
5,946,75.000,94.000
6,946,94.000,127.000
7,946,127.000,186.000
8,946,186.000,289.000
9,946,289.000,3.634.000
0,948,1.000,7.000
1,948,7.000,11.000
2,948,11.000,12.000
3,948,12.000,23.000
4,948,23.000,52.000
5,948,52.000,81.000
6,948,81.000,109.000
7,948,109.000,168.000
8,948,168.000,222.000
9,948,222.000,750.000
0,950,9.000,25.000
1,950,25.000,36.000
2,950,36.000,103.000
3,950,103.000,175.000
4,950,175.000,194.000
5,950,194.000,245.000
6,950,245.000,453.000
7,950,453.000,730.000
8,950,730.000,1.255.000
9,950,1.255.000,2.410.000
0,952,0,8.000
1,952,8.000,9.000
2,952,9.000,10.000
3,952,10.000,11.000
4,952,11.000,14.000
5,952,14.000,18.000
6,952,18.000,30.000
7,952,30.000,39.000
8,952,39.000,60.000
9,952,60.000,993.000
0,954,1.000,7.000
1,954,7.000,12.000
2,954,12.000,14.000
3,954,14.000,20.000
4,954,20.000,23.000
5,954,23.000,25.000
6,954,25.000,29.000
7,954,29.000,38.000
8,954,38.000,55.000
9,954,55.000,180.000
0,960,20.000,20.000
3,960,20.000,38.000
6,960,38.000,140.000
0,961,10.000,25.000
1,961,25.000,45.000
2,961,45.000,67.000
3,961,67.000,91.000
4,961,91.000,129.000
5,961,129.000,183.000
6,961,183.000,216.000
7,961,216.000,405.000
8,961,405.000,1.357.000
9,961,1.357.000,3.090.000
0,965,4.000,5.000
1,965,5.000,6.000
2,965,6.000,7.000
3,965,7.000,8.000
4,965,8.000,9.000
5,965,9.000,9.000
6,965,9.000,11.000
7,965,11.000,15.000
8,965,15.000,30.000
9,965,30.000,87.000
0,966,0,3.000
1,966,3.000,5.000
2,966,5.000,7.000
3,966,7.000,10.000
4,966,10.000,13.000
5,966,13.000,17.000
6,966,17.000,21.000
7,966,21.000,31.000
8,966,31.000,71.000
9,966,71.000,589.000
0,970,1.000,8.000
1,970,8.000,13.000
2,970,13.000,19.000
3,970,19.000,27.000
4,970,27.000,38.000
5,970,38.000,52.000
6,970,52.000,68.000
7,970,68.000,94.000
8,970,94.000,160.000
9,970,160.000,4.529.000
0,980,12.000,12.000
0,981,12.000,158.000
2,981,158.000,163.000
5,981,163.000,223.000
7,981,223.000,252.000
0,985,151.000,165.000
1,985,165.000,170.000
2,985,170.000,210.000
3,985,210.000,269.000
4,985,269.000,317.000
5,985,317.000,344.000
6,985,344.000,442.000
7,985,442.000,506.000
8,985,506.000,561.000
9,985,561.000,881.000
0,986,666.000,666.000
0,989,0,35.000
1,989,35.000,45.000
2,989,45.000,50.000
3,989,50.000,56.000
4,989,56.000,62.000
5,989,62.000,69.000
6,989,69.000,79.000
7,989,79.000,90.000
8,989,90.000,143.000
9,989,143.000,580.000
0,998,6.000,34.000
1,998,34.000,42.000
2,998,42.000,53.000
3,998,53.000,60.000
4,998,60.000,72.000
5,998,72.000,96.000
6,998,96.000,106.000
7,998,106.000,245.000
8,998,245.000,681.000
9,998,681.000,1.498.000
0,999,7.000,12.000
1,999,12.000,16.000
2,999,16.000,21.000
3,999,21.000,25.000
4,999,25.000,32.000
5,999,32.000,42.000
6,999,42.000,52.000
7,999,52.000,68.000
8,999,68.000,88.000
9,999,88.000,273.000
0,1.520,35.000,35.000
0,1.799,35.000,190.000
0,2.741,5.000,5.000
2,2.741,5.000,7.000
4,2.741,7.000,7.000
6,2.741,7.000,12.000
8,2.741,12.000,42.000
0,4.121,1.000,3.000
1,4.121,3.000,5.000
2,4.121,5.000,7.000
3,4.121,7.000,10.000
4,4.121,10.000,10.000
5,4.121,10.000,13.000
6,4.121,13.000,17.000
7,4.121,17.000,25.000
8,4.121,25.000,32.000
9,4.121,32.000,76.000
0,4.131,4.000,4.000
1,4.131,4.000,10.000
3,4.131,10.000,10.000
5,4.131,10.000,17.000
6,4.131,17.000,23.000
8,4.131,23.000,27.000
0,4.215,4.000,4.000
5,4.215,4.000,4.000
0,4.784,2.000,2.000
0,4.789,7.000,7.000
1,4.789,7.000,8.000
2,4.789,8.000,9.000
4,4.789,9.000,14.000
5,4.789,14.000,18.000
7,4.789,18.000,23.000
8,4.789,23.000,30.000
0,4.812,8.000,8.000
5,4.812,8.000,17.000
0,4.814,17.000,29.000
2,4.814,29.000,30.000
5,4.814,30.000,32.000
7,4.814,32.000,39.000
0,4.816,10.000,10.000
3,4.816,10.000,18.000
6,4.816,18.000,155.000
0,4.899,5.000,5.000
5,4.899,5.000,15.000
0,4.900,0,17.000
1,4.900,17.000,17.000
2,4.900,17.000,18.000
3,4.900,18.000,19.000
4,4.900,19.000,23.000
5,4.900,23.000,25.000
6,4.900,25.000,27.000
7,4.900,27.000,30.000
8,4.900,30.000,45.000
9,4.900,45.000,86.000
0,5.045,4.000,5.000
1,5.045,5.000,8.000
2,5.045,8.000,9.000
3,5.045,9.000,13.000
4,5.045,13.000,14.000
5,5.045,14.000,17.000
6,5.045,17.000,30.000
7,5.045,30.000,30.000
8,5.045,30.000,42.000
9,5.045,42.000,174.000
0,5.085,20.000,20.000
2,5.085,20.000,29.000
5,5.085,29.000,80.000
7,5.085,80.000,178.000
0,5.211,4.000,4.000
1,5.211,4.000,24.000
2,5.211,24.000,24.000
3,5.211,24.000,30.000
4,5.211,30.000,33.000
5,5.211,33.000,33.000
6,5.211,33.000,36.000
7,5.211,36.000,65.000
8,5.211,65.000,117.000
9,5.211,117.000,131.000
0,5.231,26.000,26.000
5,5.231,26.000,53.000
0,5.251,6.000,6.000
1,5.251,6.000,8.000
2,5.251,8.000,10.000
3,5.251,10.000,15.000
4,5.251,15.000,16.000
5,5.251,16.000,18.000
6,5.251,18.000,21.000
7,5.251,21.000,44.000
8,5.251,44.000,88.000
9,5.251,88.000,316.000
0,5.261,8.000,8.000
1,5.261,8.000,11.000
2,5.261,11.000,12.000
4,5.261,12.000,12.000
5,5.261,12.000,17.000
7,5.261,17.000,21.000
8,5.261,21.000,29.000
0,5.311,23.000,23.000
0,5.331,9.000,9.000
3,5.331,9.000,32.000
6,5.331,32.000,47.000
0,5.411,1.000,2.000
1,5.411,2.000,3.000
2,5.411,3.000,3.000
3,5.411,3.000,3.000
4,5.411,3.000,4.000
5,5.411,4.000,4.000
6,5.411,4.000,5.000
7,5.411,5.000,6.000
8,5.411,6.000,11.000
9,5.411,11.000,22.000
0,5.422,4.000,6.000
1,5.422,6.000,6.000
2,5.422,6.000,6.000
3,5.422,6.000,8.000
4,5.422,8.000,9.000
5,5.422,9.000,12.000
6,5.422,12.000,12.000
7,5.422,12.000,14.000
8,5.422,14.000,14.000
9,5.422,14.000,24.000
0,5.441,1.000,1.000
1,5.441,1.000,1.000
3,5.441,1.000,1.000
5,5.441,1.000,3.000
6,5.441,3.000,6.000
8,5.441,6.000,38.000
0,5.462,0,1.000
1,5.462,1.000,2.000
2,5.462,2.000,2.000
3,5.462,2.000,3.000
4,5.462,3.000,3.000
5,5.462,3.000,4.000
6,5.462,4.000,5.000
7,5.462,5.000,6.000
8,5.462,6.000,7.000
9,5.462,7.000,8.000
0,5.499,1.000,3.000
1,5.499,3.000,4.000
2,5.499,4.000,5.000
3,5.499,5.000,6.000
4,5.499,6.000,7.000
5,5.499,7.000,8.000
6,5.499,8.000,9.000
7,5.499,9.000,12.000
8,5.499,12.000,16.000
9,5.499,16.000,87.000
0,5.511,26.000,26.000
5,5.511,26.000,164.000
0,5.533,1.000,12.000
1,5.533,12.000,15.000
2,5.533,15.000,18.000
3,5.533,18.000,20.000
4,5.533,20.000,26.000
5,5.533,26.000,30.000
6,5.533,30.000,36.000
7,5.533,36.000,74.000
8,5.533,74.000,190.000
9,5.533,190.000,457.000
0,5.541,201.000,201.000
0,5.571,48.000,48.000
0,5.621,0,3.000
1,5.621,3.000,9.000
2,5.621,9.000,12.000
3,5.621,12.000,15.000
4,5.621,15.000,15.000
5,5.621,15.000,20.000
6,5.621,20.000,21.000
7,5.621,21.000,23.000
8,5.621,23.000,46.000
9,5.621,46.000,65.000
0,5.631,65.000,65.000
0,5.641,0,0
2,5.641,0,7.000
4,5.641,7.000,14.000
6,5.641,14.000,17.000
8,5.641,17.000,86.000
0,5.651,5.000,8.000
1,5.651,8.000,9.000
2,5.651,9.000,12.000
3,5.651,12.000,14.000
4,5.651,14.000,16.000
5,5.651,16.000,19.000
6,5.651,19.000,25.000
7,5.651,25.000,36.000
8,5.651,36.000,59.000
9,5.651,59.000,192.000
0,5.655,35.000,35.000
0,5.661,0,0
1,5.661,0,10.000
2,5.661,10.000,12.000
3,5.661,12.000,21.000
4,5.661,21.000,22.000
5,5.661,22.000,24.000
6,5.661,24.000,26.000
7,5.661,26.000,30.000
8,5.661,30.000,32.000
9,5.661,32.000,44.000
0,5.697,11.000,11.000
3,5.697,11.000,16.000
6,5.697,16.000,20.000
0,5.698,8.000,8.000
0,5.712,2.000,2.000
1,5.712,2.000,25.000
2,5.712,25.000,35.000
3,5.712,35.000,54.000
5,5.712,54.000,72.000
6,5.712,72.000,85.000
7,5.712,85.000,100.000
8,5.712,100.000,282.000
0,5.714,9.000,9.000
3,5.714,9.000,48.000
6,5.714,48.000,66.000
0,5.719,3.000,3.000
3,5.719,3.000,10.000
6,5.719,10.000,24.000
0,5.732,7.000,7.000
1,5.732,7.000,9.000
2,5.732,9.000,11.000
3,5.732,11.000,15.000
4,5.732,15.000,19.000
5,5.732,19.000,21.000
6,5.732,21.000,22.000
7,5.732,22.000,40.000
8,5.732,40.000,111.000
9,5.732,111.000,241.000
0,5.733,38.000,38.000
0,5.735,24.000,24.000
5,5.735,24.000,38.000
0,5.812,1.000,2.000
1,5.812,2.000,3.000
2,5.812,3.000,5.000
3,5.812,5.000,6.000
4,5.812,6.000,7.000
5,5.812,7.000,9.000
6,5.812,9.000,11.000
7,5.812,11.000,17.000
8,5.812,17.000,24.000
9,5.812,24.000,74.000
0,5.813,1.000,1.000
1,5.813,1.000,6.000
2,5.813,6.000,9.000
4,5.813,9.000,13.000
5,5.813,13.000,14.000
7,5.813,14.000,35.000
8,5.813,35.000,37.000
0,5.814,0,3.000
1,5.814,3.000,5.000
2,5.814,5.000,6.000
3,5.814,6.000,7.000
4,5.814,7.000,8.000
5,5.814,8.000,10.000
6,5.814,10.000,11.000
7,5.814,11.000,13.000
8,5.814,13.000,15.000
9,5.814,15.000,2.828.000
0,5.912,7.000,7.000
3,5.912,7.000,16.000
6,5.912,16.000,23.000
0,5.921,0,1.000
1,5.921,1.000,2.000
2,5.921,2.000,5.000
3,5.921,5.000,8.000
4,5.921,8.000,12.000
5,5.921,12.000,15.000
6,5.921,15.000,20.000
7,5.921,20.000,30.000
8,5.921,30.000,40.000
9,5.921,40.000,100.000
0,5.940,2.000,2.000
2,5.940,2.000,11.000
5,5.940,11.000,14.000
7,5.940,14.000,34.000
0,5.941,1.000,1.000
2,5.941,1.000,2.000
4,5.941,2.000,10.000
6,5.941,10.000,15.000
8,5.941,15.000,50.000
0,5.942,1.000,4.000
1,5.942,4.000,6.000
2,5.942,6.000,6.000
3,5.942,6.000,6.000
4,5.942,6.000,9.000
5,5.942,9.000,9.000
6,5.942,9.000,11.000
7,5.942,11.000,12.000
8,5.942,12.000,14.000
9,5.942,14.000,23.000
0,5.944,12.000,12.000
2,5.944,12.000,26.000
5,5.944,26.000,44.000
7,5.944,44.000,55.000
0,5.945,1.000,1.000
2,5.945,1.000,11.000
5,5.945,11.000,12.000
7,5.945,12.000,21.000
0,5.946,5.000,5.000
3,5.946,5.000,6.000
6,5.946,6.000,10.000
1,5.947,9.000,0
2,5.947,0,9.000
3,5.947,9.000,18.000
4,5.947,18.000,27.000
5,5.947,27.000,36.000
6,5.947,36.000,45.000
7,5.947,45.000,52.000
8,5.947,52.000,66.000
9,5.947,66.000,80.000
0,5.948,14.000,14.000
3,5.948,14.000,34.000
6,5.948,34.000,43.000
0,5.949,3.000,4.000
1,5.949,4.000,4.000
2,5.949,4.000,5.000
3,5.949,5.000,5.000
4,5.949,5.000,8.000
5,5.949,8.000,10.000
6,5.949,10.000,14.000
7,5.949,14.000,15.000
8,5.949,15.000,19.000
9,5.949,19.000,26.000
0,5.970,26.000,6.000
1,5.970,6.000,6.000
2,5.970,6.000,8.000
3,5.970,8.000,9.000
4,5.970,9.000,13.000
5,5.970,13.000,16.000
6,5.970,16.000,21.000
7,5.970,21.000,34.000
8,5.970,34.000,52.000
9,5.970,52.000,170.000
0,5.977,11.000,11.000
3,5.977,11.000,41.000
6,5.977,41.000,42.000
0,5.992,3.000,3.000
1,5.992,3.000,3.000
3,5.992,3.000,6.000
5,5.992,6.000,7.000
6,5.992,7.000,8.000
8,5.992,8.000,9.000
0,5.994,2.000,2.000
0,5.995,5.000,5.000
1,5.995,5.000,10.000
2,5.995,10.000,20.000
3,5.995,20.000,30.000
4,5.995,30.000,40.000
5,5.995,40.000,50.000
6,5.995,50.000,75.000
7,5.995,75.000,100.000
8,5.995,100.000,150.000
9,5.995,150.000,200.000
0,742,5.000,5.000
1,742,5.000,10.000
2,742,10.000,20.000
3,742,20.000,30.000
4,742,30.000,40.000
5,742,40.000,50.000
6,742,50.000,75.000
7,742,75.000,100.000
8,742,100.000,150.000
9,742,150.000,200.000
0,6.211,55.000,55.000
1,6.211,55.000,56.000
3,6.211,56.000,56.000
5,6.211,56.000,80.000
6,6.211,80.000,91.000
8,6.211,91.000,240.000
0,6.513,31.000,31.000
2,6.513,31.000,77.000
4,6.513,77.000,102.000
6,6.513,102.000,105.000
8,6.513,105.000,106.000
0,7.011,15.000,16.000
1,7.011,16.000,21.000
2,7.011,21.000,30.000
3,7.011,30.000,44.000
4,7.011,44.000,45.000
5,7.011,45.000,46.000
6,7.011,46.000,48.000
7,7.011,48.000,70.000
8,7.011,70.000,70.000
9,7.011,70.000,121.000
0,7.032,15.000,15.000
3,7.032,15.000,18.000
6,7.032,18.000,68.000
0,7.210,4.000,4.000
5,7.210,4.000,8.000
0,7.230,3.000,6.000
1,7.230,6.000,9.000
2,7.230,9.000,12.000
3,7.230,12.000,12.000
4,7.230,12.000,17.000
5,7.230,17.000,19.000
6,7.230,19.000,20.000
7,7.230,20.000,21.000
8,7.230,21.000,24.000
9,7.230,24.000,35.000
0,7.299,9.000,9.000
5,7.299,9.000,15.000
0,7.333,0,0
2,7.333,0,4.000
4,7.333,4.000,7.000
6,7.333,7.000,39.000
8,7.333,39.000,109.000
0,7.338,109.000,18.000
0,7.349,8.000,8.000
2,7.349,8.000,11.000
5,7.349,11.000,36.000
7,7.349,36.000,42.000
0,7.393,35.000,35.000
0,7.394,13.000,13.000
1,7.394,13.000,48.000
2,7.394,48.000,55.000
3,7.394,55.000,69.000
5,7.394,69.000,104.000
6,7.394,104.000,124.000
7,7.394,124.000,125.000
8,7.394,125.000,256.000
0,7.512,4.000,4.000
3,7.512,4.000,36.000
6,7.512,36.000,200.000
0,7.538,4.000,11.000
1,7.538,11.000,21.000
2,7.538,21.000,22.000
3,7.538,22.000,30.000
4,7.538,30.000,31.000
5,7.538,31.000,40.000
6,7.538,40.000,50.000
7,7.538,50.000,59.000
8,7.538,59.000,147.000
9,7.538,147.000,177.000
0,7.622,39.000,39.000
0,7.995,13.000,13.000
5,7.995,13.000,15.000
0,7.997,6.000,6.000
0,7.999,0,5.000
1,7.999,5.000,10.000
2,7.999,10.000,15.000
3,7.999,15.000,20.000
4,7.999,20.000,25.000
5,7.999,25.000,50.000
6,7.999,50.000,75.000
7,7.999,75.000,100.000
8,7.999,100.000,150.000
9,7.999,150.000,300.000
0,8.011,21.000,21.000
5,8.011,21.000,73.000
0,8.021,24.000,32.000
1,8.021,32.000,36.000
2,8.021,36.000,39.000
3,8.021,39.000,52.000
4,8.021,52.000,59.000
5,8.021,59.000,66.000
6,8.021,66.000,88.000
7,8.021,88.000,89.000
8,8.021,89.000,144.000
9,8.021,144.000,395.000
0,8.043,7.000,7.000
1,8.043,7.000,10.000
2,8.043,10.000,25.000
3,8.043,25.000,34.000
4,8.043,34.000,35.000
5,8.043,35.000,39.000
6,8.043,39.000,45.000
7,8.043,45.000,48.000
8,8.043,48.000,49.000
9,8.043,49.000,240.000
0,8.062,5.000,10.000
1,8.062,10.000,20.000
2,8.062,20.000,22.000
3,8.062,22.000,27.000
4,8.062,27.000,36.000
5,8.062,36.000,52.000
6,8.062,52.000,82.000
7,8.062,82.000,95.000
8,8.062,95.000,110.000
9,8.062,110.000,218.000
0,8.071,11.000,11.000
1,8.071,11.000,13.000
3,8.071,13.000,30.000
5,8.071,30.000,40.000
6,8.071,40.000,82.000
8,8.071,82.000,148.000
0,8.099,9.000,9.000
0,8.111,14.000,14.000
5,8.111,14.000,17.000
0,8.211,20.000,20.000
3,8.211,20.000,70.000
6,8.211,70.000,101.000
0,8.220,1.000,1.000
0,8.299,0,5.000
1,8.299,5.000,15.000
2,8.299,15.000,15.000
3,8.299,15.000,30.000
4,8.299,30.000,45.000
